Fund Name,P1,P2,P3,P4,P5,Topsis Score,Rank
M1,0.72,0.52,4.3,63.0,17.14,0.5938289110604048,3
M2,0.85,0.72,4.1,40.5,11.54,0.5005889324746784,6
M3,0.81,0.66,3.2,38.1,10.69,0.5152668867374017,4
M4,0.81,0.66,4.6,64.0,17.52,0.6796467527263632,1
M5,0.74,0.55,7.0,64.5,18.2,0.43856875987937677,7
M6,0.91,0.83,5.3,54.1,15.29,0.5994588465691956,2
M7,0.82,0.67,5.4,41.0,11.97,0.3484469265784968,8
M8,0.74,0.55,3.9,47.7,13.22,0.5020602872836835,5
